Packet Number,Time,Loss Rate
2.0,13:02:12,50.0
25.0,13:02:16,8.0
89.0,13:02:26,5.617977528089888
95.0,13:02:27,6.315789473684211
119.0,13:02:30,5.882352941176471
149.0,13:02:35,6.040268456375839
151.0,13:02:35,6.622516556291391
173.0,13:02:38,6.358381502890174
