Packet Number,Time,Loss Rate
2.0,13:01:44,50.0
14.0,13:01:45,21.428571428571427
103.0,13:01:59,6.796116504854369
156.0,13:02:07,7.6923076923076925
170.0,13:02:08,8.235294117647058
173.0,13:02:09,8.670520231213873
177.0,13:02:10,9.03954802259887
